Workbook

Sheet Calculator
L2: Factors
A3: Spell | B3: Effect | C3: Range (m) | D3: Duration | E3: Duration Unit | F3: Target Count | G3: O1 Amt | H3: O1 Name | I3: O2 Amt | J3: O2 Name | L3: Base Cost 1 | M3: Range | N3: Duration (H) | O3: Targets | P3: Options | R3: Wyl Requirement | S3: Rounded
A4: [TOP LINE BLANK] | L4: =INDEX('Magic Genera'!C:C,MATCH(B4,'Magic Genera'!B:B,0)) -> #N/A | M4: =1+IF(ISNUMBER(C4),C4,0)/100 -> 1 | N4: {=IF(ISNUMBER(D4),_xlfn.IFS(E4="hours",D4,E4="minutes",D4/60,E4="rounds",D4/600,E4="days",D4*24),"")} | O4: =F4 -> 0 | P4: =G4+I4 -> 0 | R4: =IF(ISNUMBER(L4),L4,1)*IF(ISNUMBER(M4),M4,1)*IF(ISNUMBER(N4),N4,1)*IF(ISNUMBER(O4),O4,1)*IF(ISNUMBER(P4),P4,1) -> 0 | S4: =_xlfn.CEILING.MATH(R4) -> 0
A5: Aquadatic Adaption | B5: transform | C5: Self | D5: 1 | E5: hours | F5: 1 | G5: 100 | H5: weight | L5: =INDEX('Magic Genera'!C:C,MATCH(B5,'Magic Genera'!B:B,0)) -> 100 | M5: =1+IF(ISNUMBER(C5),C5,0)/100 -> 1 | N5: {=IF(ISNUMBER(D5),_xlfn.IFS(E5="hours",D5,E5="minutes",D5/60,E5="rounds",D5/600,E5="days",D5*24),"")} -> 1 | O5: =F5 -> 1 | P5: =G5+I5 -> 100 | R5: =IF(ISNUMBER(L5),L5,1)*IF(ISNUMBER(M5),M5,1)*IF(ISNUMBER(N5),N5,1)*IF(ISNUMBER(O5),O5,1)*IF(ISNUMBER(P5),P5,1) -> 10000 | S5: =_xlfn.CEILING.MATH(R5) -> 10000
A6: Blade Ward | B6: resist | C6: Self | D6: 1 | E6: rounds | F6: 1 | G6: 100 | H6: resist | L6: =INDEX('Magic Genera'!C:C,MATCH(B6,'Magic Genera'!B:B,0)) -> 1 | M6: =1+IF(ISNUMBER(C6),C6,0)/100 -> 1 | N6: {=IF(ISNUMBER(D6),_xlfn.IFS(E6="hours",D6,E6="minutes",D6/60,E6="rounds",D6/600,E6="days",D6*24),"")} -> 0.0016666667 | O6: =F6 -> 1 | P6: =G6*3 -> 300 | R6: =IF(ISNUMBER(L6),L6,1)*IF(ISNUMBER(M6),M6,1)*IF(ISNUMBER(N6),N6,1)*IF(ISNUMBER(O6),O6,1)*IF(ISNUMBER(P6),P6,1) -> 0.5 | S6: =_xlfn.CEILING.MATH(R6) -> 1
A7: Bless | B7: enchant target | C7: 10 | D7: 1 | E7: minutes | F7: 3 | G7: 100 | H7: weight | L7: =INDEX('Magic Genera'!C:C,MATCH(B7,'Magic Genera'!B:B,0)) -> 10 | M7: =1+IF(ISNUMBER(C7),C7,0)/100 -> 1.1 | N7: {=IF(ISNUMBER(D7),_xlfn.IFS(E7="hours",D7,E7="minutes",D7/60,E7="rounds",D7/600,E7="days",D7*24),"")} -> 0.016666667 | O7: =F7 -> 3 | P7: =G7 -> 100 | R7: =IF(ISNUMBER(L7),L7,1)*IF(ISNUMBER(M7),M7,1)*IF(ISNUMBER(N7),N7,1)*IF(ISNUMBER(O7),O7,1)*IF(ISNUMBER(P7),P7,1) -> 55 | S7: =_xlfn.CEILING.MATH(R7) -> 55
A8: Change Appearance | L8: =INDEX('Magic Genera'!C:C,MATCH(B8,'Magic Genera'!B:B,0)) -> #N/A | M8: =1+IF(ISNUMBER(C8),C8,0)/100 -> 1 | N8: {=IF(ISNUMBER(D8),_xlfn.IFS(E8="hours",D8,E8="minutes",D8/60,E8="rounds",D8/600,E8="days",D8*24),"")} | O8: =F8 -> 0 | P8: =G8+I8 -> 0 | R8: =IF(ISNUMBER(L8),L8,1)*IF(ISNUMBER(M8),M8,1)*IF(ISNUMBER(N8),N8,1)*IF(ISNUMBER(O8),O8,1)*IF(ISNUMBER(P8),P8,1) -> 0 | S8: =_xlfn.CEILING.MATH(R8) -> 0
A9: Color Spray | L9: =INDEX('Magic Genera'!C:C,MATCH(B9,'Magic Genera'!B:B,0)) -> #N/A | M9: =1+IF(ISNUMBER(C9),C9,0)/100 -> 1 | N9: {=IF(ISNUMBER(D9),_xlfn.IFS(E9="hours",D9,E9="minutes",D9/60,E9="rounds",D9/600,E9="days",D9*24),"")} | O9: =F9 -> 0 | P9: =G9+I9 -> 0 | R9: =IF(ISNUMBER(L9),L9,1)*IF(ISNUMBER(M9),M9,1)*IF(ISNUMBER(N9),N9,1)*IF(ISNUMBER(O9),O9,1)*IF(ISNUMBER(P9),P9,1) -> 0 | S9: =_xlfn.CEILING.MATH(R9) -> 0
A10: Detect Magic | L10: =INDEX('Magic Genera'!C:C,MATCH(B10,'Magic Genera'!B:B,0)) -> #N/A | M10: =1+IF(ISNUMBER(C10),C10,0)/100 -> 1 | N10: {=IF(ISNUMBER(D10),_xlfn.IFS(E10="hours",D10,E10="minutes",D10/60,E10="rounds",D10/600,E10="days",D10*24),"")} | O10: =F10 -> 0 | P10: =G10+I10 -> 0 | R10: =IF(ISNUMBER(L10),L10,1)*IF(ISNUMBER(M10),M10,1)*IF(ISNUMBER(N10),N10,1)*IF(ISNUMBER(O10),O10,1)*IF(ISNUMBER(P10),P10,1) -> 0 | S10: =_xlfn.CEILING.MATH(R10) -> 0
A11: Difficult Terrain | L11: =INDEX('Magic Genera'!C:C,MATCH(B11,'Magic Genera'!B:B,0)) -> #N/A | M11: =1+IF(ISNUMBER(C11),C11,0)/100 -> 1 | N11: {=IF(ISNUMBER(D11),_xlfn.IFS(E11="hours",D11,E11="minutes",D11/60,E11="rounds",D11/600,E11="days",D11*24),"")} | O11: =F11 -> 0 | P11: =G11+I11 -> 0 | R11: =IF(ISNUMBER(L11),L11,1)*IF(ISNUMBER(M11),M11,1)*IF(ISNUMBER(N11),N11,1)*IF(ISNUMBER(O11),O11,1)*IF(ISNUMBER(P11),P11,1) -> 0 | S11: =_xlfn.CEILING.MATH(R11) -> 0
A12: Disguise Self | L12: =INDEX('Magic Genera'!C:C,MATCH(B12,'Magic Genera'!B:B,0)) -> #N/A | M12: =1+IF(ISNUMBER(C12),C12,0)/100 -> 1 | N12: {=IF(ISNUMBER(D12),_xlfn.IFS(E12="hours",D12,E12="minutes",D12/60,E12="rounds",D12/600,E12="days",D12*24),"")} | O12: =F12 -> 0 | P12: =G12+I12 -> 0 | R12: =IF(ISNUMBER(L12),L12,1)*IF(ISNUMBER(M12),M12,1)*IF(ISNUMBER(N12),N12,1)*IF(ISNUMBER(O12),O12,1)*IF(ISNUMBER(P12),P12,1) -> 0 | S12: =_xlfn.CEILING.MATH(R12) -> 0
A13: Dispel Magic | L13: =INDEX('Magic Genera'!C:C,MATCH(B13,'Magic Genera'!B:B,0)) -> #N/A | M13: =1+IF(ISNUMBER(C13),C13,0)/100 -> 1 | N13: {=IF(ISNUMBER(D13),_xlfn.IFS(E13="hours",D13,E13="minutes",D13/60,E13="rounds",D13/600,E13="days",D13*24),"")} | O13: =F13 -> 0 | P13: =G13+I13 -> 0 | R13: =IF(ISNUMBER(L13),L13,1)*IF(ISNUMBER(M13),M13,1)*IF(ISNUMBER(N13),N13,1)*IF(ISNUMBER(O13),O13,1)*IF(ISNUMBER(P13),P13,1) -> 0 | S13: =_xlfn.CEILING.MATH(R13) -> 0
A14: Excavate | L14: =INDEX('Magic Genera'!C:C,MATCH(B14,'Magic Genera'!B:B,0)) -> #N/A | M14: =1+IF(ISNUMBER(C14),C14,0)/100 -> 1 | N14: {=IF(ISNUMBER(D14),_xlfn.IFS(E14="hours",D14,E14="minutes",D14/60,E14="rounds",D14/600,E14="days",D14*24),"")} | O14: =F14 -> 0 | P14: =G14+I14 -> 0 | R14: =IF(ISNUMBER(L14),L14,1)*IF(ISNUMBER(M14),M14,1)*IF(ISNUMBER(N14),N14,1)*IF(ISNUMBER(O14),O14,1)*IF(ISNUMBER(P14),P14,1) -> 0 | S14: =_xlfn.CEILING.MATH(R14) -> 0
A15: Fireball | L15: =INDEX('Magic Genera'!C:C,MATCH(B15,'Magic Genera'!B:B,0)) -> #N/A | M15: =1+IF(ISNUMBER(C15),C15,0)/100 -> 1 | N15: {=IF(ISNUMBER(D15),_xlfn.IFS(E15="hours",D15,E15="minutes",D15/60,E15="rounds",D15/600,E15="days",D15*24),"")} | O15: =F15 -> 0 | P15: =G15+I15 -> 0 | R15: =IF(ISNUMBER(L15),L15,1)*IF(ISNUMBER(M15),M15,1)*IF(ISNUMBER(N15),N15,1)*IF(ISNUMBER(O15),O15,1)*IF(ISNUMBER(P15),P15,1) -> 0 | S15: =_xlfn.CEILING.MATH(R15) -> 0
A16: Fly | L16: =INDEX('Magic Genera'!C:C,MATCH(B16,'Magic Genera'!B:B,0)) -> #N/A | M16: =1+IF(ISNUMBER(C16),C16,0)/100 -> 1 | N16: {=IF(ISNUMBER(D16),_xlfn.IFS(E16="hours",D16,E16="minutes",D16/60,E16="rounds",D16/600,E16="days",D16*24),"")} | O16: =F16 -> 0 | P16: =G16+I16 -> 0 | R16: =IF(ISNUMBER(L16),L16,1)*IF(ISNUMBER(M16),M16,1)*IF(ISNUMBER(N16),N16,1)*IF(ISNUMBER(O16),O16,1)*IF(ISNUMBER(P16),P16,1) -> 0 | S16: =_xlfn.CEILING.MATH(R16) -> 0
A17: Guidance | L17: =INDEX('Magic Genera'!C:C,MATCH(B17,'Magic Genera'!B:B,0)) -> #N/A | M17: =1+IF(ISNUMBER(C17),C17,0)/100 -> 1 | N17: {=IF(ISNUMBER(D17),_xlfn.IFS(E17="hours",D17,E17="minutes",D17/60,E17="rounds",D17/600,E17="days",D17*24),"")} | O17: =F17 -> 0 | P17: =G17+I17 -> 0 | R17: =IF(ISNUMBER(L17),L17,1)*IF(ISNUMBER(M17),M17,1)*IF(ISNUMBER(N17),N17,1)*IF(ISNUMBER(O17),O17,1)*IF(ISNUMBER(P17),P17,1) -> 0 | S17: =_xlfn.CEILING.MATH(R17) -> 0
A18: Illusory Creature | L18: =INDEX('Magic Genera'!C:C,MATCH(B18,'Magic Genera'!B:B,0)) -> #N/A | M18: =1+IF(ISNUMBER(C18),C18,0)/100 -> 1 | N18: {=IF(ISNUMBER(D18),_xlfn.IFS(E18="hours",D18,E18="minutes",D18/60,E18="rounds",D18/600,E18="days",D18*24),"")} | O18: =F18 -> 0 | P18: =G18+I18 -> 0 | R18: =IF(ISNUMBER(L18),L18,1)*IF(ISNUMBER(M18),M18,1)*IF(ISNUMBER(N18),N18,1)*IF(ISNUMBER(O18),O18,1)*IF(ISNUMBER(P18),P18,1) -> 0 | S18: =_xlfn.CEILING.MATH(R18) -> 0
A19: Illusory Object | L19: =INDEX('Magic Genera'!C:C,MATCH(B19,'Magic Genera'!B:B,0)) -> #N/A | M19: =1+IF(ISNUMBER(C19),C19,0)/100 -> 1 | N19: {=IF(ISNUMBER(D19),_xlfn.IFS(E19="hours",D19,E19="minutes",D19/60,E19="rounds",D19/600,E19="days",D19*24),"")} | O19: =F19 -> 0 | P19: =G19+I19 -> 0 | R19: =IF(ISNUMBER(L19),L19,1)*IF(ISNUMBER(M19),M19,1)*IF(ISNUMBER(N19),N19,1)*IF(ISNUMBER(O19),O19,1)*IF(ISNUMBER(P19),P19,1) -> 0 | S19: =_xlfn.CEILING.MATH(R19) -> 0
... A25: Rock Pattern | L25: =INDEX('Magic Genera'!C:C,MATCH(B25,'Magic Genera'!B:B,0)) -> #N/A | M25: =1+IF(ISNUMBER(C25),C25,0)/100 -> 1 | N25: {=IF(ISNUMBER(D25),_xlfn.IFS(E25="hours",D25,E25="minutes",D25/60,E25="rounds",D25/600,E25="days",D25*24),"")} | O25: =F25 -> 0 | P25: =G25+I25 -> 0 | R25: =IF(ISNUMBER(L25),L25,1)*IF(ISNUMBER(M25),M25,1)*IF(ISNUMBER(N25),N25,1)*IF(ISNUMBER(O25),O25,1)*IF(ISNUMBER(P25),P25,1) -> 0 | S25: =_xlfn.CEILING.MATH(R25) -> 0
A26: Shield | B26: AC | C26: Self | D26: 1 | E26: rounds | F26: 1 | G26: 5 | H26: AC | I26: 1 | J26: Magic Missile | L26: =INDEX('Magic Genera'!C:C,MATCH(B26,'Magic Genera'!B:B,0)) -> 10 | M26: =1+IF(ISNUMBER(C26),C26,0)/100 -> 1 | N26: {=IF(ISNUMBER(D26),_xlfn.IFS(E26="hours",D26,E26="minutes",D26/60,E26="rounds",D26/600,E26="days",D26*24),"")} -> 0.0016666667 | O26: =F26 -> 1 | P26: =G26+I26 -> 6 | R26: =IF(ISNUMBER(L26),L26,1)*IF(ISNUMBER(M26),M26,1)*IF(ISNUMBER(N26),N26,1)*IF(ISNUMBER(O26),O26,1)*IF(ISNUMBER(P26),P26,1) -> 0.1 | S26: =_xlfn.CEILING.MATH(R26) -> 1
A27: Shield of Faith | B27: AC | C27: 20 | D27: 10 | E27: minutes | F27: 1 | G27: 2 | H27: AC | L27: =INDEX('Magic Genera'!C:C,MATCH(B27,'Magic Genera'!B:B,0)) -> 10 | M27: =1+IF(ISNUMBER(C27),C27,0)/100 -> 1.2 | N27: {=IF(ISNUMBER(D27),_xlfn.IFS(E27="hours",D27,E27="minutes",D27/60,E27="rounds",D27/600,E27="days",D27*24),"")} -> 0.16666667 | O27: =F27 -> 1 | P27: =G27+I27 -> 2 | R27: =IF(ISNUMBER(L27),L27,1)*IF(ISNUMBER(M27),M27,1)*IF(ISNUMBER(N27),N27,1)*IF(ISNUMBER(O27),O27,1)*IF(ISNUMBER(P27),P27,1) -> 4 | S27: =_xlfn.CEILING.MATH(R27) -> 4
D28: 2 | E28: hours | L28: =INDEX('Magic Genera'!C:C,MATCH(B28,'Magic Genera'!B:B,0)) -> #N/A | M28: =1+IF(ISNUMBER(C28),C28,0)/100 -> 1 | N28: {=IF(ISNUMBER(D28),_xlfn.IFS(E28="hours",D28,E28="minutes",D28/60,E28="rounds",D28/600,E28="days",D28*24),"")} -> 2 | O28: =F28 -> 0 | P28: =G28+I28 -> 0 | R28: =IF(ISNUMBER(L28),L28,1)*IF(ISNUMBER(M28),M28,1)*IF(ISNUMBER(N28),N28,1)*IF(ISNUMBER(O28),O28,1)*IF(ISNUMBER(P28),P28,1) -> 0 | S28: =_xlfn.CEILING.MATH(R28) -> 0
L29: =INDEX('Magic Genera'!C:C,MATCH(B29,'Magic Genera'!B:B,0)) -> #N/A | M29: =1+IF(ISNUMBER(C29),C29,0)/100 -> 1 | N29: {=IF(ISNUMBER(D29),_xlfn.IFS(E29="hours",D29,E29="minutes",D29/60,E29="rounds",D29/600,E29="days",D29*24),"")} | O29: =F29 -> 0 | P29: =G29+I29 -> 0 | R29: =IF(ISNUMBER(L29),L29,1)*IF(ISNUMBER(M29),M29,1)*IF(ISNUMBER(N29),N29,1)*IF(ISNUMBER(O29),O29,1)*IF(ISNUMBER(P29),P29,1) -> 0 | S29: =_xlfn.CEILING.MATH(R29) -> 0
L30: =INDEX('Magic Genera'!C:C,MATCH(B30,'Magic Genera'!B:B,0)) -> #N/A | M30: =1+IF(ISNUMBER(C30),C30,0)/100 -> 1 | N30: {=IF(ISNUMBER(D30),_xlfn.IFS(E30="hours",D30,E30="minutes",D30/60,E30="rounds",D30/600,E30="days",D30*24),"")} | O30: =F30 -> 0 | P30: =G30+I30 -> 0 | R30: =IF(ISNUMBER(L30),L30,1)*IF(ISNUMBER(M30),M30,1)*IF(ISNUMBER(N30),N30,1)*IF(ISNUMBER(O30),O30,1)*IF(ISNUMBER(P30),P30,1) -> 0 | S30: =_xlfn.CEILING.MATH(R30) -> 0
L31: =INDEX('Magic Genera'!C:C,MATCH(B31,'Magic Genera'!B:B,0)) -> #N/A | M31: =1+IF(ISNUMBER(C31),C31,0)/100 -> 1 | N31: {=IF(ISNUMBER(D31),_xlfn.IFS(E31="hours",D31,E31="minutes",D31/60,E31="rounds",D31/600,E31="days",D31*24),"")} | O31: =F31 -> 0 | P31: =G31+I31 -> 0 | R31: =IF(ISNUMBER(L31),L31,1)*IF(ISNUMBER(M31),M31,1)*IF(ISNUMBER(N31),N31,1)*IF(ISNUMBER(O31),O31,1)*IF(ISNUMBER(P31),P31,1) -> 0 | S31: =_xlfn.CEILING.MATH(R31) -> 0
L32: =INDEX('Magic Genera'!C:C,MATCH(B32,'Magic Genera'!B:B,0)) -> #N/A | M32: =1+IF(ISNUMBER(C32),C32,0)/100 -> 1 | N32: {=IF(ISNUMBER(D32),_xlfn.IFS(E32="hours",D32,E32="minutes",D32/60,E32="rounds",D32/600,E32="days",D32*24),"")} | O32: =F32 -> 0 | P32: =G32+I32 -> 0 | R32: =IF(ISNUMBER(L32),L32,1)*IF(ISNUMBER(M32),M32,1)*IF(ISNUMBER(N32),N32,1)*IF(ISNUMBER(O32),O32,1)*IF(ISNUMBER(P32),P32,1) -> 0 | S32: =_xlfn.CEILING.MATH(R32) -> 0
L33: =INDEX('Magic Genera'!C:C,MATCH(B33,'Magic Genera'!B:B,0)) -> #N/A | M33: =1+IF(ISNUMBER(C33),C33,0)/100 -> 1 | N33: {=IF(ISNUMBER(D33),_xlfn.IFS(E33="hours",D33,E33="minutes",D33/60,E33="rounds",D33/600,E33="days",D33*24),"")} | O33: =F33 -> 0 | P33: =G33+I33 -> 0 | R33: =IF(ISNUMBER(L33),L33,1)*IF(ISNUMBER(M33),M33,1)*IF(ISNUMBER(N33),N33,1)*IF(ISNUMBER(O33),O33,1)*IF(ISNUMBER(P33),P33,1) -> 0 | S33: =_xlfn.CEILING.MATH(R33) -> 0
L34: =INDEX('Magic Genera'!C:C,MATCH(B34,'Magic Genera'!B:B,0)) -> #N/A | M34: =1+IF(ISNUMBER(C34),C34,0)/100 -> 1 | N34: {=IF(ISNUMBER(D34),_xlfn.IFS(E34="hours",D34,E34="minutes",D34/60,E34="rounds",D34/600,E34="days",D34*24),"")} | O34: =F34 -> 0 | P34: =G34+I34 -> 0 | R34: =IF(ISNUMBER(L34),L34,1)*IF(ISNUMBER(M34),M34,1)*IF(ISNUMBER(N34),N34,1)*IF(ISNUMBER(O34),O34,1)*IF(ISNUMBER(P34),P34,1) -> 0 | S34: =_xlfn.CEILING.MATH(R34) -> 0
L35: =INDEX('Magic Genera'!C:C,MATCH(B35,'Magic Genera'!B:B,0)) -> #N/A | M35: =1+IF(ISNUMBER(C35),C35,0)/100 -> 1 | N35: {=IF(ISNUMBER(D35),_xlfn.IFS(E35="hours",D35,E35="minutes",D35/60,E35="rounds",D35/600,E35="days",D35*24),"")} | O35: =F35 -> 0 | P35: =G35+I35 -> 0 | R35: =IF(ISNUMBER(L35),L35,1)*IF(ISNUMBER(M35),M35,1)*IF(ISNUMBER(N35),N35,1)*IF(ISNUMBER(O35),O35,1)*IF(ISNUMBER(P35),P35,1) -> 0 | S35: =_xlfn.CEILING.MATH(R35) -> 0
L36: =INDEX('Magic Genera'!C:C,MATCH(B36,'Magic Genera'!B:B,0)) -> #N/A | M36: =1+IF(ISNUMBER(C36),C36,0)/100 -> 1 | N36: {=IF(ISNUMBER(D36),_xlfn.IFS(E36="hours",D36,E36="minutes",D36/60,E36="rounds",D36/600,E36="days",D36*24),"")} | O36: =F36 -> 0 | P36: =G36+I36 -> 0 | R36: =IF(ISNUMBER(L36),L36,1)*IF(ISNUMBER(M36),M36,1)*IF(ISNUMBER(N36),N36,1)*IF(ISNUMBER(O36),O36,1)*IF(ISNUMBER(P36),P36,1) -> 0 | S36: =_xlfn.CEILING.MATH(R36) -> 0
L37: =INDEX('Magic Genera'!C:C,MATCH(B37,'Magic Genera'!B:B,0)) -> #N/A | M37: =1+IF(ISNUMBER(C37),C37,0)/100 -> 1 | N37: {=IF(ISNUMBER(D37),_xlfn.IFS(E37="hours",D37,E37="minutes",D37/60,E37="rounds",D37/600,E37="days",D37*24),"")} | O37: =F37 -> 0 | P37: =G37+I37 -> 0 | R37: =IF(ISNUMBER(L37),L37,1)*IF(ISNUMBER(M37),M37,1)*IF(ISNUMBER(N37),N37,1)*IF(ISNUMBER(O37),O37,1)*IF(ISNUMBER(P37),P37,1) -> 0 | S37: =_xlfn.CEILING.MATH(R37) -> 0
L38: =INDEX('Magic Genera'!C:C,MATCH(B38,'Magic Genera'!B:B,0)) -> #N/A | M38: =1+IF(ISNUMBER(C38),C38,0)/100 -> 1 | N38: {=IF(ISNUMBER(D38),_xlfn.IFS(E38="hours",D38,E38="minutes",D38/60,E38="rounds",D38/600,E38="days",D38*24),"")} | O38: =F38 -> 0 | P38: =G38+I38 -> 0 | R38: =IF(ISNUMBER(L38),L38,1)*IF(ISNUMBER(M38),M38,1)*IF(ISNUMBER(N38),N38,1)*IF(ISNUMBER(O38),O38,1)*IF(ISNUMBER(P38),P38,1) -> 0 | S38: =_xlfn.CEILING.MATH(R38) -> 0
L39: =INDEX('Magic Genera'!C:C,MATCH(B39,'Magic Genera'!B:B,0)) -> #N/A | M39: =1+IF(ISNUMBER(C39),C39,0)/100 -> 1 | N39: {=IF(ISNUMBER(D39),_xlfn.IFS(E39="hours",D39,E39="minutes",D39/60,E39="rounds",D39/600,E39="days",D39*24),"")} | O39: =F39 -> 0 | P39: =G39+I39 -> 0 | R39: =IF(ISNUMBER(L39),L39,1)*IF(ISNUMBER(M39),M39,1)*IF(ISNUMBER(N39),N39,1)*IF(ISNUMBER(O39),O39,1)*IF(ISNUMBER(P39),P39,1) -> 0 | S39: =_xlfn.CEILING.MATH(R39) -> 0
L40: =INDEX('Magic Genera'!C:C,MATCH(B40,'Magic Genera'!B:B,0)) -> #N/A | M40: =1+IF(ISNUMBER(C40),C40,0)/100 -> 1 | N40: {=IF(ISNUMBER(D40),_xlfn.IFS(E40="hours",D40,E40="minutes",D40/60,E40="rounds",D40/600,E40="days",D40*24),"")} | O40: =F40 -> 0 | P40: =G40+I40 -> 0 | R40: =IF(ISNUMBER(L40),L40,1)*IF(ISNUMBER(M40),M40,1)*IF(ISNUMBER(N40),N40,1)*IF(ISNUMBER(O40),O40,1)*IF(ISNUMBER(P40),P40,1) -> 0 | S40: =_xlfn.CEILING.MATH(R40) -> 0
... L42: =INDEX('Magic Genera'!C:C,MATCH(B42,'Magic Genera'!B:B,0)) -> #N/A | M42: =1+IF(ISNUMBER(C42),C42,0)/100 -> 1 | N42: {=IF(ISNUMBER(D42),_xlfn.IFS(E42="hours",D42,E42="minutes",D42/60,E42="rounds",D42/600,E42="days",D42*24),"")} | O42: =F42 -> 0 | P42: =G42+I42 -> 0 | R42: =IF(ISNUMBER(L42),L42,1)*IF(ISNUMBER(M42),M42,1)*IF(ISNUMBER(N42),N42,1)*IF(ISNUMBER(O42),O42,1)*IF(ISNUMBER(P42),P42,1) -> 0 | S42: =_xlfn.CEILING.MATH(R42) -> 0
N43: {=IF(ISNUMBER(D43),_xlfn.IFS(E43="hours",D43,E43="minutes",D43/60,E43="rounds",D43/600,E43="days",D43*24),"")}
N44: {=IF(ISNUMBER(D44),_xlfn.IFS(E44="hours",D44,E44="minutes",D44/60,E44="rounds",D44/600,E44="days",D44*24),"")}
N45: {=IF(ISNUMBER(D45),_xlfn.IFS(E45="hours",D45,E45="minutes",D45/60,E45="rounds",D45/600,E45="days",D45*24),"")}
N46: {=IF(ISNUMBER(D46),_xlfn.IFS(E46="hours",D46,E46="minutes",D46/60,E46="rounds",D46/600,E46="days",D46*24),"")}
N47: {=IF(ISNUMBER(D47),_xlfn.IFS(E47="hours",D47,E47="minutes",D47/60,E47="rounds",D47/600,E47="days",D47*24),"")}

Sheet Magic Genera
A3: Genus | B3: Effect | C3: Wyl Requirement | D3: Units
A4: Abjuration | B4: resist | C4: 1 | D4: 1 creature / 1 resist / 1 type of damage or effect / 1 hour
A5: Abjuration | B5: protection | C5: 10 | D5: 1 creature / 1 effect / 1 hour
A6: Abjuration | B6: AC | C6: 10 | D6: 1 creature or object / 1 AC / 1 hour
A7: Divination | B7: divine | C7: 100 | D7: 1 question / 100mi
A8: Enchantment | B8: enchant target | C8: 10 | D8: 1kg / 1 hour
A9: Enchantment | B9: enchant area | C9: 1 | D9: 1 sq m / 1 hour
A10: Conjuration | B10: conjure | C10: 1000 | D10: 1 cubic m / 1kg
A11: Hallucination | B11: hallucinate | C11: 1 | D11: 1 creature / 1 sense
A12: Illusion | B12: illusion | C12: 1 | D12: 1 cubic m / 1 hour
A13: Telekinesis | B13: move | C13: 1 | D13: 1kg / 1m
A14: Telepathy | B14: telepath | C14: 0.01 | D14: 1 thought / 1 creature / 1 round
A15: Transformation | B15: transform | C15: 100 | D15: 1kg over 1 hour

Sheet Constants
A1: rounds
A2: minutes
A3: hours
A4: days
